First Last,First,Last,Company,Domain
Luca Faloni,Luca,Faloni,Luca Faloni,www.lucafaloni.com
Cristofer Smith,Cristofer,Smith,Green Apple Active,www.greenappleactive.com
Todd Hymel,Todd,Hymel,"VOLCOM, Inc.",www.volcom.com
Anna Wallack,Anna,Wallack,Misha And Puff,www.misha-and-puff.com
Christina Wiesendanger,Christina,Wiesendanger,Toad&Co,www.toadandco.com
Audrey Soldau,Audrey,Soldau,Bravado Designs Inc.,www.bravadodesigns.com
Michael Markesbery,Michael,Markesbery,Oros Apparel,www.orosapparel.com
Edward Wimmer,Edward,Wimmer,Road Id,www.roadid.com
Lawrence Bock,Lawrence,Bock,Bachendorf's,www.bachendorfs.com
Britt Cosgrove,Britt,Cosgrove,Svilu,www.svilu.com
Brendan Pape,Brendan,Pape,Brist Mfg,www.bristmfg.com
Alison Romash,Alison,Romash,BH Cosmetics,www.bhcosmetics.com
Pattie Lamantia,Pattie,Lamantia,"Wedding Shoppe, Inc.",www.weddingshoppeinc.com
Daniel Golden,Daniel,Golden,Search And State,www.searchandstate.com
Matthew Reece,Matthew,Reece,Oofos Llc,www.oofos.com
David Lauterstein,David,Lauterstein,Nasty Pig Incorporated,www.nastypig.com
Joel Freet,Joel,Freet,Cutter & Buck,www.cutterbuck.com
Randy Goldberg,Randy,Goldberg,Bombas,www.bombas.com
Diego Espinoza,Diego,Espinoza,"VOLCOM, Inc.",www.volcom.com
Bobby Hundreds,,,The Hundreds,www.thehundreds.com
