First Last,First,Last,Company,Domain
Andrea Wasienko,Andrea,Wasienko,Figs,www.wearfigs.com
Martin Foden,Martin,Foden,Safari Gold,www.safarigold.com
Michael Rubin,Michael,Rubin,"Attitudes in Dressing, Inc.",www.bodywrappers.com
Katie Melamed Diamond,Katie,Diamond,Katie Diamond Jewelry,www.katiediamondjewelry.com
Michael O'neill,Michael,O'neill,"O'Neill, Inc.",www.oneill.com
Steve Marra,Steve,Marra,B.U.M. Equipment,www.bumequipment.com
Tom Kay,Tom,Kay,Finisterre UK Ltd,www.finisterreuk.com
Yannis Rodocanachi,Yannis,Rodocanachi,BH Cosmetics,www.bhcosmetics.com
Raff Cotroneo,Raff,Cotroneo,Mesop,www.mesop.com
Sabina Barsukova,Sabina,Barsukova,"Time After Time, Inc.",www.timeaftertimewatches.com
Danny Niffin,Danny,Niffin,Society43 LLC,www.society43.com
Grace Clarke,Grace,Clarke,Dogeared Inc.,www.dogeared.com
Meryem Birsoz,Meryem,Birsoz,Moshiqa,www.moshiqa.com
Brittany Correy,Brittany,Correy,The Lady & The Sailor,www.theladyandthesailor.com
Greg Ammon,Greg,Ammon,Big Flower,www.bigflower.com
Sarah Landman,Sarah,Landman,Solid & Striped LLC,www.solidandstriped.com
Kimberly Lee,Kimberly,Lee,Fashion Nova,www.fashionnova.com
Dixie Thompson,Dixie,Thompson,Proof Eyewear,www.iwantproof.com
Giovanni Lo Faro,Giovanni,Faro,"Modo Retail, LLC",www.modo.com
Raha Adibi,,,Luna Boutique,www.shoplunab.com
