First Last,First,Last,Company,Domain
Kellie Cuttrell,Kellie,Cuttrell,"Sun Bum, Llc",www.trustthebum.com
Kevin Kern,Kevin,Kern,Revant LLC,www.revantoptics.com
Noah Guy,Noah,Guy,Joshu+Vela,www.joshuvela.com
Eli Yedid,Eli,Yedid,Rbx Active,www.rbxactive.com
Kim Pasca Nyhus,Kim,Nyhus,Deny Designs,www.denydesigns.com
Chase Fisher,Chase,Fisher,Blenders Eyewear,www.blenderseyewear.com
Ryan Bradley Beltran,Ryan,Beltran,Original Grain Inc,www.originalgrain.com
Amaury Pasos,Amaury,Pasos,"Squeem, Llc",www.squeem.com
Eric Wicken,Eric,Wicken,Imperial Motion,www.imperialmotion.com
Caiti Michiko Morris,Caiti,Morris,Quay Australia,www.quayaustralia.com
Sandy Higgins,Sandy,Higgins,The Crackerjack Shack,www.crackerjackshack.com
Matthew Smith,Matthew,Smith,Embr Labs Inc.,www.embrlabs.com
Matthew Culmo,Matthew,Culmo,By George,www.bygeorgeaustin.com
Hobson Brown,Hobson,Brown,Criquet Shirts LLC,www.criquetshirts.com
Stephen Sullivan,Stephen,Sullivan,Stio,www.stio.com
Mohit Haresh Melwani,Mohit,Melwani,"Combatant Gentlemen, Inc.",www.combatgent.com
Michael Dinzebach,Michael,Dinzebach,Antler & Woods,www.antlerandwoods.com
Greg Peter Rivera,Greg,Rivera,Mishka NYC,www.mishkanyc.com
Kara Koplik Garecht,Kara,Garecht,Anne Koplik Designs,www.annekoplik.com
Ashley Marie Ferraro,,,Dona Jo,www.donajofitwear.com
