First Last,First,Last,Company,Domain
Scott Gabrielson,Scott,Gabrielson,Oliver Cabell,www.olivercabell.com
Derek Lo,Derek,Lo,Lo & Sons,www.loandsons.com
Anoop Polavaram,Anoop,Polavaram,Lakshmi by Vani,www.lakshmi.co
Celeste Willis Chalett,Celeste,Chalett,Funboy,www.funboy.com
Sam Harper,Sam,Harper,Hippy Feet,www.hippyfeet.com
Jes Christian,Jes,Christian,Hypsole,www.hypsole.com
Simon Zhang,Simon,Zhang,Holden,www.hiholden.com
Melanie Disbrow,Melanie,Disbrow,Milk Snob,www.milksnob.com
Megan Reilly,Megan,Reilly,Glamcor,www.glamcor.com
Keith Eshelman,Keith,Eshelman,Parks Project,www.parksproject.us
Nicki Adani,Nicki,Adani,nini & pumpkin,www.niniandpumpkin.com
Libba Jones,Libba,Jones,Amilu Handbags,www.amilu.co.uk
Jaya Halepete Iyer,Jaya,Iyer,"Svaha, Inc.",www.svahausa.com
Joel Jeffery,Joel,Jeffery,Desmond & Dempsey,www.desmondanddempsey.com
Freshie Beth Lawrence,Freshie,Lawrence,Freshie & Zero,www.freshieandzero.com
Ronny Sleiman,Ronny,Sleiman,Boutiquetv,www.btq.tv
Stacey Ellis Fisher,Stacey,Fisher,Minnow Designs,www.minnowdesigns.com.au
Janean Mann,Janean,Mann,Junes,www.junes.co
José Antonio Nuño,José,Nuño,"Flor de Mayo Estrategias, S.A.P.I de C.V.",www.someonesomewhere.mx
Angelica Fernandez Connally,,,HappyGel Alteration Services & Exclusively Designed Products,www.happygel.net
