First Last,First,Last,Company,Domain
Angela Lee,Angela,Lee,Angela Roi,www.angelaroi.com
Scott Ellison,Scott,Ellison,Pladra Inc,www.pladra.com
Ugo Cacciatori,Ugo,Cacciatori,Ugo Cacciatori,www.ugocacciatori.com
Rishabh Joshi,Rishabh,Joshi,Fighting Fame,www.fightingfame.com
Daniel Perez,Daniel,Perez,Concrete Jungle Clothing,www.concretejungleclothing.com
Amira Geneid,Amira,Geneid,Zahara,www.zahara.com
Ed Baker,Ed,Baker,Pared Eyewear,www.paredeyewear.com
Brandon Barrett,Brandon,Barrett,William Murray Golf,www.williammurraygolf.com
Kaustubh Varma,Kaustubh,Varma,Vardama,www.vardama.com
Emily Charlotte John,Emily,John,The Restory Ltd,www.the-restory.com
Brittany Bentley,Brittany,Bentley,Parker Clay,www.parkerclay.com
Victor Smith,Victor,Smith,Federal Workwear,www.federalworkwear.com.au
Tom Robinson,Tom,Robinson,Mosphaiti Clothing,www.mosphaiti.com
Carl Manni,Carl,Manni,The Brag Company,www.thebragcompany.com
Erik Kaiser,Erik,Kaiser,Glamcor,www.glamcor.com
Neha Kumthekar,Neha,Kumthekar,Oceedee,www.oceedee.com
Maurice Mattar,Maurice,Mattar,Feel22,www.feel22.com
Jarle Snertingdalen,Jarle,Snertingdalen,Villoid,www.villoid.com
Nicholas Horekens,Nicholas,Horekens,Alice + Whittles,www.aliceandwhittles.com
Darren Sully,,,twosix.,www.twosixswim.com
