First Last,First,Last,Company,Domain
Sebastian Ruta,Sebastian,Ruta,blipshift,www.blipshift.com
Apurva Kothari,Apurva,Kothari,No Nasties,www.nonasties.in
Lotte Vink,Lotte,Vink,Labfresh,www.labfresh.eu
Teddy Santis,Teddy,Santis,Aimé Leon Dore,www.aimeleondore.com
Aleksander Chulyakov,Aleksander,Chulyakov,Rockford Collection,www.rockfordcollection.com
Kortni Niccoli,Kortni,Niccoli,Kortni Jeane Swimmers,www.kortnijeane.com
Anshul Sood,Anshul,Sood,Oceedee,www.oceedee.com
Rakesh Gopi,Rakesh,Gopi,Global Exports,www.global-exports.com
Pia Conaghan,Pia,Conaghan,Studio Pia,www.studiopia.co.uk
Darine Sabbagh,Darine,Sabbagh,Feel22,www.feel22.com
Ana Cecilia Gonzalez,Ana,Gonzalez,Hype And Vice,www.hypeandvice.com
Georg Wolff,Georg,Wolff,Buckle & Seam,www.buckleandseam.com
Divya Gupta,Divya,Gupta,Momzjoy.Com,www.momzjoy.com
Innu Nevatia,Innu,Nevatia,Zwende,www.zwende.com
Marco Feelisch,Marco,Feelisch,Buckle & Seam,www.buckleandseam.com
Shawn Smith,Shawn,Smith,Total Spirit Cheerleading,www.totalspirit.com
Ray Grden,Ray,Grden,Bodyzone Apparel LLC,www.bodyzoneapparel.com
Mohamed Fofana,Mohamed,Fofana,"BBC Ice Cream, LLC",www.bbcicecream.com
Leslie Bazik,Leslie,Bazik,GiGi New York,www.giginewyork.com
Jeff Pedersen,,,"Del Sol, L.C.",www.delsol.com
