First Last,First,Last,Company,Domain
Chloe Zhang,Chloe,Zhang,La Perla S.r.l.,www.laperla.com
Alison Bergen,Alison,Bergen,AeroGroup International LLC,www.aerosoles.com
Jimmy Jonga,Jimmy,Jonga,"Jimmy Jazz, Inc.",www.jimmyjazz.com
Forrest Morgan,Forrest,Morgan,Frame,www.frame-store.com
Avi Tahari,Avi,Tahari,"Elie Tahari, Ltd.",www.elietahari.com
Liam Gooley,Liam,Gooley,David Donahue,www.daviddonahue.com
Esteban Gonzalez,Esteban,Gonzalez,Wildfox,www.wildfox.com
Andrea Jean Fellman,Andrea,Fellman,"Eva Franco, Inc.",www.evafranco.com
Valerie Elfanbaum,Valerie,Elfanbaum,Bling Jewelry Inc.,www.blingjewelry.com
Sammy Gunawan,Sammy,Gunawan,Hi Fibre Textiles (Sugoi) Ltd.,www.sugoi.com
James Schwartz,James,Schwartz,"MGF Sourcing US, LLC",www.mgfsourcing.com
Danielle Salazar Weber,Danielle,Weber,"Wedding Shoppe, Inc.",www.weddingshoppeinc.com
Armelle Bouillon,Armelle,Bouillon,Hedgren Creations,www.hedgren.com
Kelcey Joyce,Kelcey,Joyce,Los Angeles Magazine,www.lamag.com
Glenn Gale,Glenn,Gale,Cynthia Gale New York,www.cynthiagale.com
Valerie Elfanbaum,Valerie,Elfanbaum,Bling Jewelry Inc.,www.blingjewelry.com
Manny Romal,Manny,Romal,Blueburry Royale custom clothier,www.blueburryroyale.com
Boyd Hildrebrandt,Boyd,Hildrebrandt,Tuxedo Wearhouse,www.tuxedowearhouse.com
Torbjörn Gunnahr,Torbjörn,Gunnahr,Wesc,www.wesc.com
Joan Wood,,,Tse,www.tsecashmere.com
